[{"model": "admin.logentry", "pk": 1, "fields": {"action_time": "2020-10-01T14:06:01.038Z", "user": 1, "content_type": 9, "object_id": "1", "object_repr": "Topic object (1)", "action_flag": 1, "change_message": "[{\"added\": {}}]"}}, {"model": "admin.logentry", "pk": 2, "fields": {"action_time": "2020-10-01T14:06:07.578Z", "user": 1, "content_type": 9, "object_id": "2", "object_repr": "Topic object (2)", "action_flag": 1, "change_message": "[{\"added\": {}}]"}}, {"model": "admin.logentry", "pk": 3, "fields": {"action_time": "2020-10-01T14:06:14.936Z", "user": 1, "content_type": 9, "object_id": "3", "object_repr": "Topic object (3)", "action_flag": 1, "change_message": "[{\"added\": {}}]"}}, {"model": "admin.logentry", "pk": 4, "fields": {"action_time": "2020-10-01T14:06:19.091Z", "user": 1, "content_type": 9, "object_id": "4", "object_repr": "Topic object (4)", "action_flag": 1, "change_message": "[{\"added\": {}}]"}}, {"model": "admin.logentry", "pk": 5, "fields": {"action_time": "2020-10-01T14:06:22.817Z", "user": 1, "content_type": 9, "object_id": "5", "object_repr": "Topic object (5)", "action_flag": 1, "change_message": "[{\"added\": {}}]"}}, {"model": "admin.logentry", "pk": 6, "fields": {"action_time": "2020-10-01T14:07:29.287Z", "user": 1, "content_type": 7, "object_id": "1", "object_repr": "Course object (1)", "action_flag": 1, "change_message": "[{\"added\": {}}]"}}, {"model": "admin.logentry", "pk": 7, "fields": {"action_time": "2020-10-01T14:07:41.179Z", "user": 1, "content_type": 7, "object_id": "1", "object_repr": "Course object (1)", "action_flag": 2, "change_message": "[{\"changed\": {\"fields\": [\"For everyone\"]}}]"}}, {"model": "admin.logentry", "pk": 8, "fields": {"action_time": "2020-10-01T14:07:56.929Z", "user": 1, "content_type": 7, "object_id": "2", "object_repr": "Course object (2)", "action_flag": 1, "change_message": "[{\"added\": {}}]"}}, {"model": "admin.logentry", "pk": 9, "fields": {"action_time": "2020-10-01T14:08:15.660Z", "user": 1, "content_type": 7, "object_id": "3", "object_repr": "Course object (3)", "action_flag": 1, "change_message": "[{\"added\": {}}]"}}, {"model": "admin.logentry", "pk": 10, "fields": {"action_time": "2020-10-01T14:08:41.657Z", "user": 1, "content_type": 7, "object_id": "4", "object_repr": "Course object (4)", "action_flag": 1, "change_message": "[{\"added\": {}}]"}}, {"model": "admin.logentry", "pk": 11, "fields": {"action_time": "2020-10-01T14:08:54.777Z", "user": 1, "content_type": 7, "object_id": "5", "object_repr": "Course object (5)", "action_flag": 1, "change_message": "[{\"added\": {}}]"}}, {"model": "admin.logentry", "pk": 12, "fields": {"action_time": "2020-10-01T14:09:05.805Z", "user": 1, "content_type": 7, "object_id": "6", "object_repr": "Course object (6)", "action_flag": 1, "change_message": "[{\"added\": {}}]"}}, {"model": "admin.logentry", "pk": 13, "fields": {"action_time": "2020-10-01T14:09:16.935Z", "user": 1, "content_type": 7, "object_id": "7", "object_repr": "Course object (7)", "action_flag": 1, "change_message": "[{\"added\": {}}]"}}, {"model": "admin.logentry", "pk": 14, "fields": {"action_time": "2020-10-01T14:09:28.395Z", "user": 1, "content_type": 7, "object_id": "8", "object_repr": "Course object (8)", "action_flag": 1, "change_message": "[{\"added\": {}}]"}}, {"model": "admin.logentry", "pk": 15, "fields": {"action_time": "2020-10-01T14:09:34.967Z", "user": 1, "content_type": 7, "object_id": "8", "object_repr": "Course object (8)", "action_flag": 2, "change_message": "[{\"changed\": {\"fields\": [\"For everyone\"]}}]"}}, {"model": "admin.logentry", "pk": 16, "fields": {"action_time": "2020-10-01T14:09:50.108Z", "user": 1, "content_type": 7, "object_id": "9", "object_repr": "Course object (9)", "action_flag": 1, "change_message": "[{\"added\": {}}]"}}, {"model": "admin.logentry", "pk": 17, "fields": {"action_time": "2020-10-01T14:10:04.461Z", "user": 1, "content_type": 7, "object_id": "10", "object_repr": "Course object (10)", "action_flag": 1, "change_message": "[{\"added\": {}}]"}}, {"model": "admin.logentry", "pk": 18, "fields": {"action_time": "2020-10-01T14:25:06.559Z", "user": 1, "content_type": 10, "object_id": "2", "object_repr": "john", "action_flag": 1, "change_message": "[{\"added\": {}}]"}}, {"model": "admin.logentry", "pk": 19, "fields": {"action_time": "2020-10-01T14:25:40.076Z", "user": 1, "content_type": 10, "object_id": "3", "object_repr": "mary", "action_flag": 1, "change_message": "[{\"added\": {}}]"}}, {"model": "admin.logentry", "pk": 20, "fields": {"action_time": "2020-10-01T14:26:22.845Z", "user": 1, "content_type": 10, "object_id": "3", "object_repr": "mary", "action_flag": 2, "change_message": "[{\"changed\": {\"fields\": [\"Password\"]}}]"}}, {"model": "admin.logentry", "pk": 21, "fields": {"action_time": "2020-10-01T14:26:26.582Z", "user": 1, "content_type": 10, "object_id": "2", "object_repr": "john", "action_flag": 2, "change_message": "[{\"changed\": {\"fields\": [\"Password\"]}}]"}}, {"model": "admin.logentry", "pk": 22, "fields": {"action_time": "2020-10-01T14:26:45.470Z", "user": 1, "content_type": 8, "object_id": "1", "object_repr": "Order object (1)", "action_flag": 1, "change_message": "[{\"added\": {}}]"}}, {"model": "admin.logentry", "pk": 23, "fields": {"action_time": "2020-10-01T14:26:56.874Z", "user": 1, "content_type": 8, "object_id": "2", "object_repr": "Order object (2)", "action_flag": 1, "change_message": "[{\"added\": {}}]"}}, {"model": "admin.logentry", "pk": 24, "fields": {"action_time": "2020-10-01T15:05:52.510Z", "user": 1, "content_type": 8, "object_id": "2", "object_repr": "Order object (2)", "action_flag": 2, "change_message": "[{\"changed\": {\"fields\": [\"Order status\"]}}]"}}, {"model": "admin.logentry", "pk": 25, "fields": {"action_time": "2020-10-01T15:06:02.526Z", "user": 1, "content_type": 8, "object_id": "1", "object_repr": "Order object (1)", "action_flag": 2, "change_message": "[{\"changed\": {\"fields\": [\"Order status\"]}}]"}}, {"model": "admin.logentry", "pk": 26, "fields": {"action_time": "2020-10-01T15:07:27.849Z", "user": 1, "content_type": 8, "object_id": "3", "object_repr": "Order object (3)", "action_flag": 1, "change_message": "[{\"added\": {}}]"}}, {"model": "admin.logentry", "pk": 27, "fields": {"action_time": "2020-10-08T18:00:32.521Z", "user": 1, "content_type": 4, "object_id": "4", "object_repr": "nishesh", "action_flag": 1, "change_message": "[{\"added\": {}}]"}}, {"model": "admin.logentry", "pk": 28, "fields": {"action_time": "2020-10-08T18:01:06.570Z", "user": 1, "content_type": 8, "object_id": "4", "object_repr": "Order object (4)", "action_flag": 1, "change_message": "[{\"added\": {}}]"}}, {"model": "admin.logentry", "pk": 29, "fields": {"action_time": "2020-11-20T21:56:34.064Z", "user": 1, "content_type": 4, "object_id": "2", "object_repr": "john", "action_flag": 2, "change_message": "[{\"changed\": {\"fields\": [\"Email address\"]}}]"}}, {"model": "auth.permission", "pk": 1, "fields": {"name": "Can add log entry", "content_type": 1, "codename": "add_logentry"}}, {"model": "auth.permission", "pk": 2, "fields": {"name": "Can change log entry", "content_type": 1, "codename": "change_logentry"}}, {"model": "auth.permission", "pk": 3, "fields": {"name": "Can delete log entry", "content_type": 1, "codename": "delete_logentry"}}, {"model": "auth.permission", "pk": 4, "fields": {"name": "Can view log entry", "content_type": 1, "codename": "view_logentry"}}, {"model": "auth.permission", "pk": 5, "fields": {"name": "Can add permission", "content_type": 2, "codename": "add_permission"}}, {"model": "auth.permission", "pk": 6, "fields": {"name": "Can change permission", "content_type": 2, "codename": "change_permission"}}, {"model": "auth.permission", "pk": 7, "fields": {"name": "Can delete permission", "content_type": 2, "codename": "delete_permission"}}, {"model": "auth.permission", "pk": 8, "fields": {"name": "Can view permission", "content_type": 2, "codename": "view_permission"}}, {"model": "auth.permission", "pk": 9, "fields": {"name": "Can add group", "content_type": 3, "codename": "add_group"}}, {"model": "auth.permission", "pk": 10, "fields": {"name": "Can change group", "content_type": 3, "codename": "change_group"}}, {"model": "auth.permission", "pk": 11, "fields": {"name": "Can delete group", "content_type": 3, "codename": "delete_group"}}, {"model": "auth.permission", "pk": 12, "fields": {"name": "Can view group", "content_type": 3, "codename": "view_group"}}, {"model": "auth.permission", "pk": 13, "fields": {"name": "Can add user", "content_type": 4, "codename": "add_user"}}, {"model": "auth.permission", "pk": 14, "fields": {"name": "Can change user", "content_type": 4, "codename": "change_user"}}, {"model": "auth.permission", "pk": 15, "fields": {"name": "Can delete user", "content_type": 4, "codename": "delete_user"}}, {"model": "auth.permission", "pk": 16, "fields": {"name": "Can view user", "content_type": 4, "codename": "view_user"}}, {"model": "auth.permission", "pk": 17, "fields": {"name": "Can add content type", "content_type": 5, "codename": "add_contenttype"}}, {"model": "auth.permission", "pk": 18, "fields": {"name": "Can change content type", "content_type": 5, "codename": "change_contenttype"}}, {"model": "auth.permission", "pk": 19, "fields": {"name": "Can delete content type", "content_type": 5, "codename": "delete_contenttype"}}, {"model": "auth.permission", "pk": 20, "fields": {"name": "Can view content type", "content_type": 5, "codename": "view_contenttype"}}, {"model": "auth.permission", "pk": 21, "fields": {"name": "Can add session", "content_type": 6, "codename": "add_session"}}, {"model": "auth.permission", "pk": 22, "fields": {"name": "Can change session", "content_type": 6, "codename": "change_session"}}, {"model": "auth.permission", "pk": 23, "fields": {"name": "Can delete session", "content_type": 6, "codename": "delete_session"}}, {"model": "auth.permission", "pk": 24, "fields": {"name": "Can view session", "content_type": 6, "codename": "view_session"}}, {"model": "auth.permission", "pk": 25, "fields": {"name": "Can add course", "content_type": 7, "codename": "add_course"}}, {"model": "auth.permission", "pk": 26, "fields": {"name": "Can change course", "content_type": 7, "codename": "change_course"}}, {"model": "auth.permission", "pk": 27, "fields": {"name": "Can delete course", "content_type": 7, "codename": "delete_course"}}, {"model": "auth.permission", "pk": 28, "fields": {"name": "Can view course", "content_type": 7, "codename": "view_course"}}, {"model": "auth.permission", "pk": 29, "fields": {"name": "Can add order", "content_type": 8, "codename": "add_order"}}, {"model": "auth.permission", "pk": 30, "fields": {"name": "Can change order", "content_type": 8, "codename": "change_order"}}, {"model": "auth.permission", "pk": 31, "fields": {"name": "Can delete order", "content_type": 8, "codename": "delete_order"}}, {"model": "auth.permission", "pk": 32, "fields": {"name": "Can view order", "content_type": 8, "codename": "view_order"}}, {"model": "auth.permission", "pk": 33, "fields": {"name": "Can add topic", "content_type": 9, "codename": "add_topic"}}, {"model": "auth.permission", "pk": 34, "fields": {"name": "Can change topic", "content_type": 9, "codename": "change_topic"}}, {"model": "auth.permission", "pk": 35, "fields": {"name": "Can delete topic", "content_type": 9, "codename": "delete_topic"}}, {"model": "auth.permission", "pk": 36, "fields": {"name": "Can view topic", "content_type": 9, "codename": "view_topic"}}, {"model": "auth.permission", "pk": 37, "fields": {"name": "Can add user", "content_type": 10, "codename": "add_student"}}, {"model": "auth.permission", "pk": 38, "fields": {"name": "Can change user", "content_type": 10, "codename": "change_student"}}, {"model": "auth.permission", "pk": 39, "fields": {"name": "Can delete user", "content_type": 10, "codename": "delete_student"}}, {"model": "auth.permission", "pk": 40, "fields": {"name": "Can view user", "content_type": 10, "codename": "view_student"}}, {"model": "auth.permission", "pk": 41, "fields": {"name": "Can add review", "content_type": 11, "codename": "add_review"}}, {"model": "auth.permission", "pk": 42, "fields": {"name": "Can change review", "content_type": 11, "codename": "change_review"}}, {"model": "auth.permission", "pk": 43, "fields": {"name": "Can delete review", "content_type": 11, "codename": "delete_review"}}, {"model": "auth.permission", "pk": 44, "fields": {"name": "Can view review", "content_type": 11, "codename": "view_review"}}, {"model": "auth.user", "pk": 1, "fields": {"password": "pbkdf2_sha256$216000$qEX8tUSuuZvt$YPh7gscJrqfRND8BOs+s8AWxJ4fDeINhRiw/i8aFk60=", "last_login": "2020-12-12T03:30:02.713Z", "is_superuser": true, "username": "root", "first_name": "", "last_name": "", "email": "", "is_staff": true, "is_active": true, "date_joined": "2020-10-01T13:54:57.806Z", "groups": [], "user_permissions": []}}, {"model": "auth.user", "pk": 2, "fields": {"password": "pbkdf2_sha256$216000$0ZsNBmsoux3r$0I+PYWamO8YtPavBvhTKEG6VnYcRYnQp7lY349BDtrI=", "last_login": "2020-12-03T13:51:16.673Z", "is_superuser": false, "username": "john", "first_name": "John", "last_name": "Smith", "email": "john@gmail.com", "is_staff": false, "is_active": true, "date_joined": "2020-10-01T14:19:55Z", "groups": [], "user_permissions": []}}, {"model": "auth.user", "pk": 3, "fields": {"password": "mary1234", "last_login": null, "is_superuser": false, "username": "mary", "first_name": "Mary", "last_name": "Jones", "email": "", "is_staff": false, "is_active": true, "date_joined": "2020-10-01T14:25:09Z", "groups": [], "user_permissions": []}}, {"model": "auth.user", "pk": 4, "fields": {"password": "pbkdf2_sha256$216000$0YRzWZNWy5bm$3gxlBGKrRt55HyyxgVwdsFgglzKnow3VdJ1SeSrxSD4=", "last_login": null, "is_superuser": false, "username": "nishesh", "first_name": "", "last_name": "", "email": "", "is_staff": false, "is_active": true, "date_joined": "2020-10-08T18:00:32.048Z", "groups": [], "user_permissions": []}}, {"model": "auth.user", "pk": 5, "fields": {"password": "", "last_login": null, "is_superuser": false, "username": "", "first_name": "", "last_name": "", "email": "", "is_staff": false, "is_active": true, "date_joined": "2020-10-18T22:26:38.248Z", "groups": [], "user_permissions": []}}, {"model": "auth.user", "pk": 6, "fields": {"password": "pbkdf2_sha256$216000$KWUVwvWAqAso$MAiiqNeogeRJFPVH7Bgd2XPL0XCSlJf/fl4kcBJXZXY=", "last_login": "2020-11-19T15:52:03.517Z", "is_superuser": false, "username": "test", "first_name": "", "last_name": "", "email": "", "is_staff": false, "is_active": true, "date_joined": "2020-11-19T15:41:07.099Z", "groups": [], "user_permissions": []}}, {"model": "contenttypes.contenttype", "pk": 1, "fields": {"app_label": "admin", "model": "logentry"}}, {"model": "contenttypes.contenttype", "pk": 2, "fields": {"app_label": "auth", "model": "permission"}}, {"model": "contenttypes.contenttype", "pk": 3, "fields": {"app_label": "auth", "model": "group"}}, {"model": "contenttypes.contenttype", "pk": 4, "fields": {"app_label": "auth", "model": "user"}}, {"model": "contenttypes.contenttype", "pk": 5, "fields": {"app_label": "contenttypes", "model": "contenttype"}}, {"model": "contenttypes.contenttype", "pk": 6, "fields": {"app_label": "sessions", "model": "session"}}, {"model": "contenttypes.contenttype", "pk": 7, "fields": {"app_label": "mySiteF20", "model": "topic"}}, {"model": "contenttypes.contenttype", "pk": 8, "fields": {"app_label": "mySiteF20", "model": "course"}}, {"model": "contenttypes.contenttype", "pk": 9, "fields": {"app_label": "mySiteF20", "model": "student"}}, {"model": "contenttypes.contenttype", "pk": 10, "fields": {"app_label": "mySiteF20", "model": "order"}}, {"model": "contenttypes.contenttype", "pk": 11, "fields": {"app_label": "mySiteF20", "model": "review"}}, {"model": "sessions.session", "pk": "00t1u2hcj98tsm6jvokjwz9dezhcj2zh", "fields": {"session_data": ".eJxVjDsOgzAQBa8SuU2w1ottbJfpcwbkz_JJkJEwVFHuHpAokvbNvHmz1m_r0G6FlnZMzDHBbr9b8PFF-QDp6XM_8zjndRkDPxR-0sIfc6Lpfrp_gcGXYX8btKaOkUKsdU1dJykYqz2qrpFgiCjUBhsRJaYOVSJttAqaBPqk0fpmj06-rO0092PeewgIlRAVqguik8YJwZW2YOUVwAGwzxe1D0Om:1ki3a7:XWxkJ4eMoqd3nkhDExzMxjUuwQhuXQdWOsIJjdesxmk", "expire_date": "2020-11-25T22:48:14.574Z"}}, {"model": "sessions.session", "pk": "02y3aaym74ysaa9o6mgrzafpwvjxfjw7", "fields": {"session_data": "e30:1kflmK:rQcKb0nf8SKzIa8xhzD3JIP-aksGIHKgWhU2JRLCcG4", "expire_date": "2020-12-03T15:23:20.556Z"}}, {"model": "sessions.session", "pk": "0calbcvy53wrynmuj3bp7p5e5f0ltwsf", "fields": {"session_data": "eyJhYm91dF92aXNpdHMiOnsidmFsdWUiOiIxIiwiZXhwaXJlX2F0IjoxNjA2NTQzMjYxLjY0NDIwM319:1kitDF:4ZnRjjjL6Nm1GBZA8q9u_BSW7HXK2Cc1ASlrw49HuxM", "expire_date": "2020-11-28T05:56:51.648Z"}}, {"model": "sessions.session", "pk": "12kdx5gzrvniixvd5qku9n3yuyn4jqjw", "fields": {"session_data": "e30:1ki3Yn:IFDhhOy5x-VTl83kNh6oXzsPw5IbRWW9PyLCJE_pPx4", "expire_date": "2020-11-25T22:46:52.320Z"}}, {"model": "sessions.session", "pk": "13cqpg44bkijscvt8o52h9hv1vrbwz0v", "fields": {"session_data": ".eJxVjMsOwiAQRf-FtSEyvF267zeQAQapGkhKuzL-uzbpQrf3nHNfLOC21rANWsKc2YUJdvrdIqYHtR3kO7Zb56m3dZkj3xV-0MGnnul5Pdy_g4qjfmsH3smUKCZpJJWiKDpvEHSx6uyIKEoHViQFuYDOZJzR0ZAAzAY8Wvb-APkVOEs:1ki3CZ:wSmHchHBX2CbJLZ2JR3lnRZ05umybr4KMrKZpYsKkeM", "expire_date": "2020-11-25T22:23:54.014Z"}}, {"model": "sessions.session", "pk": "2ce1a0b8d229n8gb6g5f58p8dzqgo9hn", "fields": {"session_data": "e30:1ki3cG:wc8uIW8GcmRLot4ATlUI3ZNqQ7f-g9A0BLinKhfu0j4", "expire_date": "2020-11-25T22:50:27.691Z"}}, {"model": "sessions.session", "pk": "2zrvd0levtdkvwsk3hrlekjmp15gokd4", "fields": {"session_data": ".eJxVjsFuwyAQRH8FcW6QWRuMfey9H9CTtcDauHVAAls9VP334ChS0uubmaf55RMee5iOQnlaPR-55G-vzKL7pngG_gvjkoRLcc-rFWdFPNIiPpKn7f3R_ScIWEJdGxhM6xxZ1-qW5rkjawaNoOa-awwR2dZAL10HfgblSRutrCYJ6DUM2FfphmWftrSssfo-05HZSdidsB8s7JoysT1gZCkSC2cDl1SX7siZ4nMMDTQXKS-gmDSj1CMoUV-AavjfDbGKWD0:1ki41R:0EfKLWzMt-ZjPzUOsNt5hcr9wltwkRDxzzxM63Eho-g", "expire_date": "2020-11-25T23:16:28.409Z"}}, {"model": "sessions.session", "pk": "33qxz96xl25pq5yq3p3rkdjauovfa2ww", "fields": {"session_data": "eyJhYm91dF92aXNpdHMiOnsidmFsdWUiOiIxIiwiZXhwaXJlX2F0IjoxNjA2NTQzMzkzLjUxNzAxNn19:1kitFN:25v5hFEEak8GfB3ySZBPaNK2wGhY3p1BOotvOuxnyXQ", "expire_date": "2020-11-28T05:59:03.543Z"}}, {"model": "sessions.session", "pk": "3hb55ahsnawkq7yxqshgzmmts1rgvads", "fields": {"session_data": ".eJxVjEEOwiAQRe_C2hALdApduvcMZAYGi5qSFOrGeHfbpAvd_vf-ewuPa5v8WnnxOYpRdOL0uxGGB887iHecb0WGMrclk9wVedAqryXy83K4f4EJ67S9rXJWh8AUNGhOyTBZB6j6NJizZWbSVg1dMCom1UcGCz0BdwojKIfDFkUqa_OvXHOrYgT3-QIoVz6A:1ki39C:QbMgqZgywb-v5-xMmK1DicQ2f1ontm9k3e0kIWA63IY", "expire_date": "2020-11-25T22:20:32.205Z"}}, {"model": "sessions.session", "pk": "4qfoi2x1yi71zflkzspx1iv29jemerqw", "fields": {"session_data": ".eJxVj8tqwzAQRX-laN0IaWSNHsvu-w1iJI1jJ8YufpRCyL_XBi-S7T33HrgPkWhbu7QtPKe-iii0-HzNMpU7jweoNxqvkyzTuM59lkdFnnSR31Pl4evsvgk6Wrp97SF4UwrnYtBw2zacfUAC27pGeWbOxoPTpYHagq2MHm1G1kAVIZDbpQMtaxqmaz-K-BC_NGy8i0GBumh9AfcBJqoQbZDaeW2OI_z308-caBVRo0JrcJed-Pn8B6fbTe4:1kirYd:eyrLZJtv_9VmEus4ndcnh8-DOW7s7mDAb3P1fOB6TEg", "expire_date": "2020-11-28T04:10:49.179Z"}}, {"model": "sessions.session", "pk": "5flp9xtqvl8231rqtprpmer73a1tsg9g", "fields": {"session_data": "e30:1kirSc:W5EdEJ9DWdQPaBrbSNcdOnBdFTWVQuJJn9nNzH_tCH8", "expire_date": "2020-11-28T04:04:36.248Z"}}, {"model": "sessions.session", "pk": "5hgk5elp16qgiczqppqu80s72uslvgdn", "fields": {"session_data": ".eJxVjEFuwyAUBa-CWFcogMHYy-57gK7QB76NWwcqwG2kKHePHWWRbt_Mmyu1sLVot4rFLoGOlNO3182B_8Z0gPAFac7M59TK4tihsCet7CMHXN-f7r9AhBr3txGDkd6j81JLnKYOnRk0CDX13ckgopNG9Nx3IkxCBdRGK6eRCwhaDNDv0RVqs2uel0THK_2FdcM9_Jm3Qg5EHoj8QSXnXJC0CInkhCQeBsx5T-DlZyloodGR65NWsufSMKOE7m63O6liV_4:1kirgq:srJtRNN-eq8R6_u3d_wdT8Hz-QrAbGDCWDGb3Uk_MVk", "expire_date": "2020-11-28T04:19:18.855Z"}}, {"model": "sessions.session", "pk": "5s6c2y2x0iqiv6y8m6uqgzmkj7t1rcfw", "fields": {"session_data": ".eJxVjEEOwiAQRe_C2hA7UApduvcMZAYGi5qSFOrGeHfbpAvd_vf-ewuPa5v8WnnxOYpRdOL0uxGGB887iHecb0WGMrclk9wVedAqryXy83K4f4EJ67S9LTirQmAKyihOSTNZZxD6NOizZWZSFoYuaIgJ-sjGmp4Md4DRgMNhiyKVtflXrrlVMTr4fAEoUj58:1ki2nK:ZbrBteoAnwLbXyWwiv0yKQs7Ay8ST-DTatFEMRdt1Jk", "expire_date": "2020-11-25T21:57:56.457Z"}}, {"model": "sessions.session", "pk": "5temv9qn3kaugllu77wijmvxadk8dpkp", "fields": {"session_data": "eyJhYm91dF92aXNpdHMiOnsidmFsdWUiOiIxIiwiZXhwaXJlX2F0IjoxNjA2NTQzMjA1LjQwMTY5NH19:1kitCL:wU0qdsFXVawhYU8317PCgWTl2f1H6u6LScPGOGDmI_4", "expire_date": "2020-11-28T05:55:55.463Z"}}, {"model": "sessions.session", "pk": "71y7lcu3zyghapl77vvaseq5oxqacv0c", "fields": {"session_data": "e30:1ki3El:8NhSf1LFO_FX74MxQn5JODtDbyLt7RJxleFGg_Zvpes", "expire_date": "2020-11-25T22:26:10.469Z"}}, {"model": "sessions.session", "pk": "7ao50gcrpsy5onmx3y40612m9xczxc9u", "fields": {"session_data": ".eJxVjMsOwiAQRf-FtSEyvF267zeQAQapGkhKuzL-uzbpQrf3nHNfLOC21rANWsKc2YUJdvrdIqYHtR3kO7Zb56m3dZkj3xV-0MGnnul5Pdy_g4qjfmsH3smUKCZpJJWiKDpvEHSx6uyIKEoHViQFuYDOZJzR0ZAAzAY8Wvb-APkVOEs:1kfloN:eriuoiL0ZTEraFES6FrElm3ngIzpeRlEzPi1MFJGQH8", "expire_date": "2020-12-03T15:25:27.997Z"}}, {"model": "sessions.session", "pk": "7ib0fnvz3dh2ge90185gntmunn4idoyb", "fields": {"session_data": ".eJxVjMtugzAQRX_F8rqx8IAfsOy-H9AVGtsDpiW2ZIO6qPrvgShS0u2559xfPuK-xXGvVMYl8IFL_vbKHPpvSucQvjDNWfictrI4cSrisVbxkQOt7w_330HEGo_aQm9b78n5Vrc0TR0522sENZmusUTkWgtG-g7CBCqQtlo5TRIwaOjRHKcr1m1c87yk4-8z74WdhN0J-8HKrrkQ2yImlhOxeBo456P0eymUnjE00FykvIBi0g7SDFKJRoLuDP-7AbF0WD4:1ki42F:mqzY2OmdSfriHEdJrT7ogMC3l_Vxo12VMOftoPV1iwo", "expire_date": "2020-11-25T23:17:18.014Z"}}, {"model": "sessions.session", "pk": "7tlcw4kebjmdpq0hghey08wx7767vem6", "fields": {"session_data": ".eJxtj81qwzAQhF-l6JyI1cqSvT723mcQq5_Eao1VLDkUgt-9MeTQQK_zzXwwd8G-bM3dcs2tivEubjxvSYxCK3ES6ec7r8lxE6OyYE2nLYBEMKRpPwnHW5vcVtPqcnxsULxknsNXWg4QP3m5FhnK0tbs5VGRT1rlR4lpfn92XwQT1-nQAsWuV9RjYNDx0msTOgtmMMHHGC6EhsCngTST7wFN0ikiBORA5HF4SGeuzc3lmpe_HxEQzkqdcXgDNQKOnZKGUBP8992SQQmkyNK-_wJNvV8h:1kitJh:YQbbsWnojoKu6KOKK39ALMdFF3R1fuiCmN8QzQFWn-Q", "expire_date": "2020-11-28T06:03:31.593Z"}}, {"model": "sessions.session", "pk": "82h5zf1fawhj5odudrtlmwvrpjkirwbk", "fields": {"session_data": ".eJxVjMtugzAQRX_F8rqx8IAfsOy-H9AVGtsDpiW2ZIO6qPrvgShS0u2559xfPuK-xXGvVMYl8IFL_vbKHPpvSucQvjDNWfictrI4cSrisVbxkQOt7w_330HEGo_aQm9b78n5Vrc0TR0522sENZmusUTkWgtG-g7CBCqQtlo5TRIwaOjRHKcr1m1c87yk4-8z74WdhN0J-8HKrrkQ2yImlhOxeBo456P0eymUnjE00FykvIBi0g5SDxKE6q0Bw_9uscpYTA:1ki41E:o0xcbttdjeqW2RE8Ln-FiWtfXoIfwIc9dOa4CI2-Ndg", "expire_date": "2020-11-25T23:16:15.599Z"}}, {"model": "sessions.session", "pk": "883fp7lsbvvfswhx6d2mo8ccofp56rxh", "fields": {"session_data": ".eJxVjMsOgjAUBX_FdKs07S190KV7v6Hp4xZQUhIKK-O_CwkL3Z6ZM2_i_LYObqu4uDERSzi5_W7BxxeWA6SnL_1M41zWZQz0UOhJK33MCaf76f4FBl-H_W2gMyJGDFEogTm3GEynPMisW2YQMQgDmscWUgaZUBklg0IOPinovN6jk6-rm-Z-LHsPGLCG8wbkBcCCslJQoTSAuDJmGSOfL7S4Q54:1ki3FV:bdsWO0UwkfCnkExZoyREZRZLovooztNTOA7GLoefwZA", "expire_date": "2020-11-25T22:26:56.374Z"}}, {"model": "sessions.session", "pk": "8x98e2njxzxq1dnvmt2qeg04lhmjdyqd", "fields": {"session_data": ".eJxVjMsOgjAUBX_FdKs07e2D0qV7v6Hp4xZQUhIKK-O_CwkL3Z6ZM2_i_LYObqu4uDERSzi5_W7BxxeWA6SnL_1M41zWZQz0UOhJK33MCaf76f4FBl-H_W2gMyJGDFFogTlLDKbTHlRuJTOIGISBlkcJKYNKqI1WQSMHnzR0vt2jk6-rm-Z-LHsPGLCG8wbUBcAqYQEo51JpfWXMMkY-X7RbQ5o:1ki3f8:WBZD5rmDoCT-b2maSPqRUpSxwU9RlCR_qRTw5F2ipYs", "expire_date": "2020-11-25T22:53:25.121Z"}}, {"model": "sessions.session", "pk": "976qmbf0iill4afh8odd14ojkkxtzfd5", "fields": {"session_data": ".eJxVjMsOwiAQRf-FtSEyvF267zeQAQapGkhKuzL-uzbpQrf3nHNfLOC21rANWsKc2YUJdvrdIqYHtR3kO7Zb56m3dZkj3xV-0MGnnul5Pdy_g4qjfmsH3smUKCZpJJWiKDpvEHSx6uyIKEoHViQFuYDOZJzR0ZAAzAY8Wvb-APkVOEs:1kiNQ6:xF-jcc7H4hIVgO-z2uRXogJCBjVbtGdfSSHq0w0sTCg", "expire_date": "2020-11-26T20:00:00.112Z"}}, {"model": "sessions.session", "pk": "9ja990aa5t9g4p92qzghjc0f0aymywyp", "fields": {"session_data": ".eJxVjMsOwiAQRf-FtSEyvF267zeQAQapGkhKuzL-uzbpQrf3nHNfLOC21rANWsKc2YUJdvrdIqYHtR3kO7Zb56m3dZkj3xV-0MGnnul5Pdy_g4qjfmsH3smUKCZpJJWiKDpvEHSx6uyIKEoHViQFuYDOZJzR0ZAAzAY8Wvb-APkVOEs:1kiNNq:odDODMlREAwYJriyW31I7JliqrnLzgtIkjBR8LEGJEM", "expire_date": "2020-11-26T19:57:40.253Z"}}, {"model": "sessions.session", "pk": "9tmvpcr0nbxerldzwsmsm0noiony2vfo", "fields": {"session_data": ".eJxVjc1uwyAQhF-l4tygZQmG5Zh7ngEtsIndWnbkn6pSlHevXeWQXOeb-eauEq9Lm9ZZptRVFRWqz9csc_mWYQf1i4frqMs4LFOX9V7RTzrr81ilPz27b4KW53bXAtWjN-SxMNh68daVYwMuuJJrLRdCR5AlkGXKHtCJlYpQkAtRxrBJe56X1I_XblDxrn64X-VfjHAw5oD-A200PkLQZIHIbxP5vXWTJF5UNA00zvrtcccYmsfjD0wETVg:1kirfY:zzqddBFiEH4WC0__l0yl0E3XQddIzo1tiHae0-rgwO8", "expire_date": "2020-11-28T04:17:58.932Z"}}, {"model": "sessions.session", "pk": "9wcphsvije3d58vipjjnlcq0f1lf30f1", "fields": {"session_data": ".eJxVzEEOwiAQheGrGNaWwFAKdOneMxCYobbaQFLalfHuWtOFbt__8j2ZD9s6-q2mxU_Eegbs_LvFgI-U90D3kG-FY8nrMkW-X_hRK78WSvPl-P4BY6jjzgpHrZHOAAahaDBKY9sJbTVGIhwcaCdisk4FF40AnVQiEAgBnYtgP-gc6urncpvy1wPRSNlAd5K6V9DrllupjDTs9QbgAUHb:1kiNwk:h6E8DyBfJeS-W_t_EwgEOLAjHYngL7j-hlh9EHRxEyU", "expire_date": "2020-11-26T20:33:44.814Z"}}, {"model": "sessions.session", "pk": "c38lh522v7d6cxg3pw996pb7qvfc8zzd", "fields": {"session_data": ".eJxVjDkOwjAQRa-C3EIse-ItLuk5gzW2JwtEjpSlQtydREoB7X_vvzcLuK192Baaw5CZZ5LdfreI6UXlAPmJpZt4mso6D5EfCj_pwh9TpvF-un-BHpd-fztoXJ0SxVSbmtpWUXSNQdCtVcIRUawdWJkU5BZ0JuOMjoYkYDbQoN2jIy5rGKduKHsPBIhKygr0BcCD9UpxkBasuwrhhWCfL7TaQ6M:1ki3GK:iglV8SvR3ai6S7zNPjve8Rw547xhwNntUkDjiKoKP0Y", "expire_date": "2020-11-25T22:27:47.222Z"}}, {"model": "sessions.session", "pk": "czluxptqhw275iax7rjm254mt13f136r", "fields": {"session_data": ".eJxVjMsOwiAQRf-FtSEyvF267zeQAQapGkhKuzL-uzbpQrf3nHNfLOC21rANWsKc2YUJdvrdIqYHtR3kO7Zb56m3dZkj3xV-0MGnnul5Pdy_g4qjfmsH3smUKCZpJJWiKDpvEHSx6uyIKEoHViQFuYDOZJzR0ZAAzAY8Wvb-APkVOEs:1kdQQF:AKKD9EJUA7Wgoe5-kwzmX8bewDH6j5TFzcaQRqVtAZ8", "expire_date": "2020-11-27T04:10:51.255Z"}}, {"model": "sessions.session", "pk": "drqo9znhg4il8oc2iikbhfu8172yihzn", "fields": {"session_data": ".eJxVjEEOwiAQRa9CWBtioaXUpXsP4IoMMJRqhYTSuDDeXWq60N3k_TfvRTWsJeh1wawnR0-0oYdfZsDeMW6Du0EcE7MpljwZtilsXxd2SQ7n8-7-BQIsoX4rPihhLRorpEDvWzRqkMA737dHhYhGKN43tuXO886hVLIzEhsOTvIB-hqdYSl6TuMUa--a1kwqIV9AnvV6pIykBIgkRSRhE2BM9P0BvYxMTQ:1ki4Cd:UEEtIPYJTXnDncS1GV8-FWthgsjXrWVHqGrSpus_LRc", "expire_date": "2020-11-25T23:28:02.678Z"}}, {"model": "sessions.session", "pk": "e564j5kt4asmmf951y0np8qid5z7uew9", "fields": {"session_data": ".eJxVjMsOgyAQRX-lYV2JDPLQZff9BjLAUG0NJKKrpv9eTVy023vOPW_mcFtHt1Va3BTZwAS7_m4ew4vyAeIT86PwUPK6TJ4fCj9p5fcSab6d7l9gxDrubwu9lSGQD1JLSqkjb3uNoJLpWktEXlowInQQE6hI2mrlNQnAqKFHs0dnrKuby2PKew9aaBshGlAXYQalBgW80wJAs88XI5JCfA:1ki3hY:Twz7ANn374EXHuvUcPWe2Zbrt0ZVe3jecvUZ6lS6Uu0", "expire_date": "2020-11-25T22:55:55.462Z"}}, {"model": "sessions.session", "pk": "g1r4m94eklu6gqqkf6v018n90mq3vhex", "fields": {"session_data": "e30:1ki3Vw:zRsF-LTZ9FlvFK7csRPeAsm4nC3mNgxWpFGHwTc0yLI", "expire_date": "2020-11-25T22:43:55.693Z"}}, {"model": "sessions.session", "pk": "gk3bjpe4wkd2do3rl03n94xwbzxnm22c", "fields": {"session_data": ".eJxVjMsOwiAQRf-FtSEyvF267zeQAQapGkhKuzL-uzbpQrf3nHNfLOC21rANWsKc2YUJdvrdIqYHtR3kO7Zb56m3dZkj3xV-0MGnnul5Pdy_g4qjfmsH3smUKCZpJJWiKDpvEHSx6uyIKEoHViQFuYDOZJzR0ZAAzAY8Wvb-APkVOEs:1ki3Cj:chasgBeKTW2WRbTBUEaTj1hbg7IAuCvWNiuPPBmUQEQ", "expire_date": "2020-11-25T22:24:04.218Z"}}, {"model": "sessions.session", "pk": "hi7q8r76yrl0rsifq4r8j6wueid00imt", "fields": {"session_data": "eyJhYm91dF92aXNpdHMiOnsidmFsdWUiOiIxIiwiZXhwaXJlX2F0IjoxNjA2NTQzNDU3LjgzNjE2OH19:1kitGP:YKHcflA6v0taunZw91GeN8Nws9gbrFgSjdPpA1DNzCk", "expire_date": "2020-11-28T06:00:07.851Z"}}, {"model": "sessions.session", "pk": "igluvofko9t5vopdjvoccwaqxvpkizc0", "fields": {"session_data": "e30:1ki3ch:azjNkpk2Ql4sxY73QZ1pYzvK2CRZJ8sm1k5q3FX4o5E", "expire_date": "2020-11-25T22:50:54.824Z"}}, {"model": "sessions.session", "pk": "im6bu7hf0b3lpoz3cn8n0gyqsffw0ysy", "fields": {"session_data": "e30:1kirUc:CD6L8XnZGhlz6bi3oaphkkz_Pu7wOcKm08kay07mKh0", "expire_date": "2020-11-28T04:06:40.490Z"}}, {"model": "sessions.session", "pk": "knr6ciubgp4snz2rdnydz1j2q1mb3qgz", "fields": {"session_data": ".eJxVjMsOwiAQRf-FtSEyvF267zeQAQapGkhKuzL-uzbpQrf3nHNfLOC21rANWsKc2YUJdvrdIqYHtR3kO7Zb56m3dZkj3xV-0MGnnul5Pdy_g4qjfmsH3smUKCZpJJWiKDpvEHSx6uyIKEoHViQFuYDOZJzR0ZAAzAY8Wvb-APkVOEs:1ki3Cd:g3LghbgM7SPAPJZnCoBYS3IavCTKSRCWNwIWd2hZe80", "expire_date": "2020-11-25T22:23:58.911Z"}}, {"model": "sessions.session", "pk": "m46o3mfxq1nfejwof0yv3l4jsgszqthw", "fields": {"session_data": ".eJxVjDsOgzAQBa8SuU2w7DX-QJk-Z0Brew0kyJb4VFHuHpAokvbNvHmzDrd16LaF5m6MrGWS3X43j-FF-QDxibkvPJS8zqPnh8JPuvBHiTTdT_cvMOAy7G8HjVMhkA_KKEqpJu8ag6CTrYUjIq8cWBlqiAl0JOOM9oYkYDTQoN2jEy5rN5V-zHsPBIhKygr0BaDVqq0Nt0qCNVchWiHY5wu08EOj:1ki3fW:dSoouqLeS67VdffaLQa_B1tvyqySO6kFrpdmXmApU8o", "expire_date": "2020-11-25T22:53:49.739Z"}}, {"model": "sessions.session", "pk": "n769y4otezyiqagjzqsrxst2vrvvr5ch", "fields": {"session_data": ".eJxVjDkOwyAURK8S0SZG8FmMXabPGRDL95JYIBm7inL3YMlFIk018-a9iXX7Ntm94GrnSHrCye238y68MB1DfLo0Zhpy2tbZ0wOh51roI0dc7if7J5hcmerbQGdECOiD0AKHQaI3nXaghlYyg4heGGh5kBAHUBG10cpr5OCihs61Vbq4stklj3OqPmDAGs4bUBeAHnQN1dxwI6-M9YyRzxe05EOj:1ki3F4:EEdXgdW_GSLmUFuE91NG2O4s0h-oCclBkPzgQIRBS6s", "expire_date": "2020-11-25T22:26:29.642Z"}}, {"model": "sessions.session", "pk": "no1acsbgo3g8hjusika42zpx6hvlnpjw", "fields": {"session_data": "eyJhYm91dF92aXNpdHMiOiIyIn0:1kit6c:QRZobnSoGG0q56_g3npeIn9VaIT_hDLcBh17Lpfzbk0", "expire_date": "2020-11-28T05:50:00.137Z"}}, {"model": "sessions.session", "pk": "o4ra0j1mjgsyll9k0tof5r3xmha5z2pk", "fields": {"session_data": "eyJhYm91dF92aXNpdHMiOjQ3fQ:1ki38R:sa0itNI81vvoF0WUvPmOYXzudROvEbNEmtOMsLhJeZk", "expire_date": "2020-11-25T22:19:45.618Z"}}, {"model": "sessions.session", "pk": "o5ditlc801ou646lpivt7bnp68xjket5", "fields": {"session_data": ".eJxVjDsOwjAQBe_iGllk_YmTkp4zWLv2mhhQLMUODeLuJFIKaN_Mm7fwuLbJr5UXn6MYRSdOvxthePC8g3jH-VZkKHNbMsldkQet8loiPy-H-xeYsE7b28HgVAhMQVnFKWkmN1gEk3p9dsxMykHfBQ0xgYlsnTVkuQOMFgbstyhSWZt_5ZpbFaM2ny8oST56:1ki2nw:YQpmotqKSFpDXYqz5IAwDDhPGelF5I32PRmyIoeZO6A", "expire_date": "2020-11-25T21:58:34.294Z"}}, {"model": "sessions.session", "pk": "o5kpmtcggg5hv7qdt0mw1li4s8jve10k", "fields": {"session_data": ".eJxVjMsOwiAQRf-FtSEyvF267zeQAQapGkhKuzL-uzbpQrf3nHNfLOC21rANWsKc2YUJdvrdIqYHtR3kO7Zb56m3dZkj3xV-0MGnnul5Pdy_g4qjfmsH3smUKCZpJJWiKDpvEHSx6uyIKEoHViQFuYDOZJzR0ZAAzAY8Wvb-APkVOEs:1kiNK9:00osgBzALoTu6WS-v5FTyQCRqDT0fN9NaMpmBf9SBzY", "expire_date": "2020-11-26T19:53:51.072Z"}}, {"model": "sessions.session", "pk": "ojybk1ysbqcqpjgj6k7ozzx6n5oezpmz", "fields": {"session_data": ".eJxVjMsOwiAQRf-FtSEyvF267zeQAQapGkhKuzL-uzbpQrf3nHNfLOC21rANWsKc2YUJdvrdIqYHtR3kO7Zb56m3dZkj3xV-0MGnnul5Pdy_g4qjfmsH3smUKCZpJJWiKDpvEHSx6uyIKEoHViQFuYDOZJzR0ZAAzAY8Wvb-APkVOEs:1kkoyi:pYxoeKCX-iUf1ugDoOP-MXV660LkSCqXEpVo2tDmh7U", "expire_date": "2020-12-03T13:49:50.213Z"}}, {"model": "sessions.session", "pk": "pcqf03a0zv3toy8mljalohykpwkn318z", "fields": {"session_data": ".eJxVjMsOwiAQRf-FtSEyvF267zeQAQapGkhKuzL-uzbpQrf3nHNfLOC21rANWsKc2YUJdvrdIqYHtR3kO7Zb56m3dZkj3xV-0MGnnul5Pdy_g4qjfmsH3smUKCZpJJWiKDpvEHSx6uyIKEoHViQFuYDOZJzR0ZAAzAY8Wvb-APkVOEs:1kdQRw:ChzxUMckbaq6bgL02OWMR_EP7V_bkGjKlZvmjF5NBUg", "expire_date": "2020-11-27T04:12:36.112Z"}}, {"model": "sessions.session", "pk": "pr6c0cjark7wpg4msrlw3ucopg3avay4", "fields": {"session_data": "e30:1kfllt:SBmwUfFUpQWPqpSTLkcANEFPVws2GU3kCOGbOqs3ua0", "expire_date": "2020-12-03T15:22:53.909Z"}}, {"model": "sessions.session", "pk": "pxk4tc62tj4rw4svw2gsl97nl038mc93", "fields": {"session_data": ".eJxVjMsOwiAQRf-FtSEyvF267zeQAQapGkhKuzL-uzbpQrf3nHNfLOC21rANWsKc2YUJdvrdIqYHtR3kO7Zb56m3dZkj3xV-0MGnnul5Pdy_g4qjfmsH3smUKCZpJJWiKDpvEHSx6uyIKEoHViQFuYDOZJzR0ZAAzAY8Wvb-APkVOEs:1kdE8R:xkJ9w1XdWddTzcdHzfo8sWnPfXlBgCni9HYvbZsIcGs", "expire_date": "2020-11-26T15:03:39.967Z"}}, {"model": "sessions.session", "pk": "rf71dfq4u2yggao0hx4dwt385vqur7mw", "fields": {"session_data": "eyJhYm91dF92aXNpdHMiOjUwfQ:1ki39g:S0GgupRISE1z56hHMkn1deuMqM-gWy2sd5hmcbaFvis", "expire_date": "2020-11-25T22:20:55.416Z"}}, {"model": "sessions.session", "pk": "rs9yhpkd9nhvgaz6p11jmaqjkb0ptzxh", "fields": {"session_data": "eyJhYm91dF92aXNpdHMiOnsidmFsdWUiOiIxIiwiZXhwaXJlX2F0IjoxNjA2NTQzMDkzLjU5Mzc2OH19:1kitAX:A2HEB9fMVFefABGNH1Hyc6KPqzHitSCo4Ls9GIcI008", "expire_date": "2020-11-28T05:54:03.639Z"}}, {"model": "sessions.session", "pk": "sawkb7t2sgmznk1ac880ufczfq048m3j", "fields": {"session_data": ".eJxVjDsOgzAQBa8SuU2w7MU_KNPnDGhtr4EE2RKfKsrdAxJF0r6ZN2_W4bYO3bbQ3I2RtUyy2-_mMbwoHyA-MfeFh5LXefT8UPhJF_4okab76f4FBlyG_e2gcXUI5ENtakpJkXeNQdDJKuGIyNcOrAwKYgIdyTijvSEJGA00aPfohMvaTaUf894DAaKSsgJ9AWi1bKXl0GitzFWIVgj2-QK04kOk:1ki3d7:XWeCkPZygHTxBKXydE1upDoAenJZJNNugG3wUU5od1E", "expire_date": "2020-11-25T22:51:20.300Z"}}, {"model": "sessions.session", "pk": "sj9prxhfzui2e2s9b340ixsbmd17jdpg", "fields": {"session_data": ".eJxVjMsOwiAQRf-FtSEyvF267zeQAQapGkhKuzL-uzbpQrf3nHNfLOC21rANWsKc2YUJdvrdIqYHtR3kO7Zb56m3dZkj3xV-0MGnnul5Pdy_g4qjfmsH3smUKCZpJJWiKDpvEHSx6uyIKEoHViQFuYDOZJzR0ZAAzAY8Wvb-APkVOEs:1kfmFy:YzS50Qg20vWSCOhbZlDO37FNtGt4rOpCyVnXB1RplrE", "expire_date": "2020-12-03T15:53:58.423Z"}}, {"model": "sessions.session", "pk": "t8cbsedfw7kezkateyhq8x57bvq22do6", "fields": {"session_data": ".eJxVjMsOwiAQRf-FtSEyvF267zeQAQapGkhKuzL-uzbpQrf3nHNfLOC21rANWsKc2YUJdvrdIqYHtR3kO7Zb56m3dZkj3xV-0MGnnul5Pdy_g4qjfmsH3smUKCZpJJWiKDpvEHSx6uyIKEoHViQFuYDOZJzR0ZAAzAY8Wvb-APkVOEs:1kiNSd:-DwFwUDMERkkYiRK_4wKkoumFMwHMCBI3Nsm2Tg4VnE", "expire_date": "2020-11-26T20:02:37.288Z"}}, {"model": "sessions.session", "pk": "tyca8de2wg5j7pdvih1enk9gpbpgbh5p", "fields": {"session_data": "eyJhYm91dF92aXNpdHMiOnsidmFsdWUiOiIxNCIsImV4cGlyZV9hdCI6MTYwNjU0MzA0OC4xMTg0Mzl9fQ:1kit9o:jp_3FWVoqiUYzGjIA59K2fnmJtE8LnLDl6N2-d3KdD0", "expire_date": "2020-11-28T05:53:18.120Z"}}, {"model": "sessions.session", "pk": "u7m7km21xku0jbmdxmia4rlh5lulfb7i", "fields": {"session_data": ".eJxVjMsOwiAQRf-FtSEyvF267zeQAQapGkhKuzL-uzbpQrf3nHNfLOC21rANWsKc2YUJdvrdIqYHtR3kO7Zb56m3dZkj3xV-0MGnnul5Pdy_g4qjfmsH3smUKCZpJJWiKDpvEHSx6uyIKEoHViQFuYDOZJzR0ZAAzAY8Wvb-APkVOEs:1kflqa:giljUegZHZ2L1NYFnkO0ZQEamvCUWeGnkI9i5qe4BZg", "expire_date": "2020-12-03T15:27:44.971Z"}}, {"model": "sessions.session", "pk": "utjgoznf7ftnupj5b2ir10a284477jtb", "fields": {"session_data": ".eJxVjMsOwiAQRf-FtSEyvF267zeQAQapGkhKuzL-uzbpQrf3nHNfLOC21rANWsKc2YUJdvrdIqYHtR3kO7Zb56m3dZkj3xV-0MGnnul5Pdy_g4qjfmsH3smUKCZpJJWiKDpvEHSx6uyIKEoHViQFuYDOZJzR0ZAAzAY8Wvb-APkVOEs:1kNz4g:5ycciFWwdwuu4VkQP7VpfaAce4H4QL82OPC_O8XqE3Y", "expire_date": "2020-10-15T13:56:46.400Z"}}, {"model": "sessions.session", "pk": "v32u4ti3rcesgap2tlwpobro0q6lm6wj", "fields": {"session_data": ".eJxVjMsOwiAQRf-FtSEyvF267zeQAQapGkhKuzL-uzbpQrf3nHNfLOC21rANWsKc2YUJdvrdIqYHtR3kO7Zb56m3dZkj3xV-0MGnnul5Pdy_g4qjfmsH3smUKCZpJJWiKDpvEHSx6uyIKEoHViQFuYDOZJzR0ZAAzAY8Wvb-APkVOEs:1kUECU:l7TE7ecERhvD9dyVIe4MCAwkVeC9U5dglQQuAf4OI80", "expire_date": "2020-11-01T19:18:38.217Z"}}, {"model": "sessions.session", "pk": "vtr25vv190q9g8gc39u5upf34u1or4qd", "fields": {"session_data": "e30:1kirTA:29SwCr-Wc9kO19RpKJ_V1Xw8vI-dr7-vXzdRACO-_nc", "expire_date": "2020-11-28T04:05:10.406Z"}}, {"model": "sessions.session", "pk": "w005cqme6s3e5wtp2zw1co5e8vpkp677", "fields": {"session_data": ".eJxVjEmOwjAQRa_S8rqxyuV4KC9732ewygMkECUoA0JC3L1JKwvY_vf-e4jI69LGda5T7IoIAsX3-5Y4X-qwgXLm4TTKPA7L1CW5KXKns_wdS-1_dvcj0PLcblmg0jhFDjODLkenTW4sGG9yKiUfCQ1Bqp40U3KApupaEDJyJkroX9Ge5yX246kbRHiIG_dr_Q8jHJQ6oPtCHZQO2kpLljy8LvV-7aYaeRFBWbBGW9_s-Pn8A_9eTTQ:1kirc8:XZBlrpCjxLj2Lu56VNUXXKn79niXYIWHoaPLp_pwVmo", "expire_date": "2020-11-28T04:14:26.697Z"}}, {"model": "sessions.session", "pk": "w40qujfq7xv4dabwnal23eanfqdxkyhg", "fields": {"session_data": ".eJxVjMsOwiAQRf-FtSEyvF267zeQAQapGkhKuzL-uzbpQrf3nHNfLOC21rANWsKc2YUJdvrdIqYHtR3kO7Zb56m3dZkj3xV-0MGnnul5Pdy_g4qjfmsH3smUKCZpJJWiKDpvEHSx6uyIKEoHViQFuYDOZJzR0ZAAzAY8Wvb-APkVOEs:1kflq2:RzOh_R4J_Bm0hlFvjPp1OayVYKa5g2Mu3jtqdFVQI-I", "expire_date": "2020-12-03T15:27:10.539Z"}}, {"model": "sessions.session", "pk": "wpfzkkiywvccoto3xqp9ip19d0x0tbcb", "fields": {"session_data": ".eJxVjMsOwiAQRf-FtSEyvF267zeQAQapGkhKuzL-uzbpQrf3nHNfLOC21rANWsKc2YUJdvrdIqYHtR3kO7Zb56m3dZkj3xV-0MGnnul5Pdy_g4qjfmsH3smUKCZpJJWiKDpvEHSx6uyIKEoHViQFuYDOZJzR0ZAAzAY8Wvb-APkVOEs:1kiNMu:JlZxEEtV6-stArAMVy6QMheggxKAeRe2cU2qAW0zR3U", "expire_date": "2020-11-26T19:56:42.149Z"}}, {"model": "sessions.session", "pk": "wzju22nk9u0ln9oj7gb1hsecp3r60xcx", "fields": {"session_data": "eyJhYm91dF92aXNpdHMiOiIyIn0:1kit5m:yymQpRhXjZWxR8aS4Y0YvrBWgLeQu0YXZCYTJ_Xx8mk", "expire_date": "2020-11-28T05:49:08.300Z"}}, {"model": "sessions.session", "pk": "x917nsn60l1x694jm2h70mazuz91g78t", "fields": {"session_data": ".eJxVjEuOwjAQBa8y8nqw2u04TnvJnjNYbbshmYkSlA9CQtwdMmIk2L6qVzcVeV3auM4yxa6ooFB9v2-J868MGyg_PJxGncdhmbqkN0W_6KwPY5F-_3I_Ai3P7ZYFKpU35DEz2HL01uWqBte4nErJR0JHkKQhy5Q8oBMrBSEjZ6KEzTPa87zEfjx1gwo3deF-lb8wws6YHfovtAF8ME6DRQL7vMj13E0SeVHB1FC7CsD-4_v9AUfrTSs:1kirVz:Wms3wOSsIFMrssWEBvbngXoXWRFBQXj8SP8iZ1gPs1g", "expire_date": "2020-11-28T04:08:05.033Z"}}, {"model": "sessions.session", "pk": "xmj0enu78gm7bjphyuwf8iqbav5vc1qu", "fields": {"session_data": "e30:1ki3EW:m0DUSRtCb03qdFRvvUbLdzHoiB_LGJvL-81WfLune5Y", "expire_date": "2020-11-25T22:25:55.597Z"}}, {"model": "sessions.session", "pk": "xpbet3svbf55pi12ycx34gms6gobs1ua", "fields": {"session_data": ".eJxVjLEOwiAUAH-FMBuCUGxxdPcDnMjjgaVaIQEaB-O_W0wHXe8u96IGlhrMUnw2k6NHKujul1nAu49NuBvEMTFMsebJspawzRZ2Ts7Pp639GwQooW25dl2_171A4NJde6mwO3A1KLTO4VULpbn1g5agbc-F8tI7wVEAam3FsE5nKNXMaZzi-rukJZNGyJeQJxTySNmTGiCSFD0JrYAx0fcHwBpMHg:1kiNvX:a-C_6ZhfzCqspauWCn2uo5Lzo7sheprVqceaPKsuoys", "expire_date": "2020-11-26T20:32:29.707Z"}}, {"model": "sessions.session", "pk": "z26ni6e2tw6mmoqqbzlh79y3tau1yfdv", "fields": {"session_data": ".eJxVjMsOgyAQRX-lYV2JDIKDy-77DYTHUG0NJKKrpv9eTVy023vOPW9m3baOdqu02CmygQl2_d28Cy_KB4hPlx-Fh5LXZfL8UPhJK7-XSPPtdP8Co6vj_kYwKEMgH6SWlFJHHo12oFLftUhEXiL0InQQE6hIGrXymgS4qMG4fo_Orq52Lo8p7z1ooW2EaEBdBA5gBkCOrTQG2OcLI_xCiw:1ki4E4:kSvhewg10TgC-uw2akgszuq7lgeQjAMWAZX8oJP7Ic0", "expire_date": "2020-11-25T23:30:18.803Z"}}, {"model": "sessions.session", "pk": "z6qnqauphwcbus7hn8wbw437miaw6g2b", "fields": {"session_data": "e30:1kflmV:syJAmNfxhbFDjwNrZJCXmW25Y0KGoz5EdYlU3_frOrw", "expire_date": "2020-12-03T15:23:31.646Z"}}, {"model": "sessions.session", "pk": "zxjmodfboptz8f50m54n3iwdfipb0w58", "fields": {"session_data": "eyJhYm91dF92aXNpdHMiOjV9:1ki39p:fibSlRYHrEHPAICdRhKHNBCAeqoFbDh_Vkz8MrTOPN8", "expire_date": "2020-11-25T22:21:04.510Z"}}, {"model": "mySiteF20.topic", "pk": 1, "fields": {"name": "Web Development", "length": 12}}, {"model": "mySiteF20.topic", "pk": 2, "fields": {"name": "Management", "length": 12}}, {"model": "mySiteF20.topic", "pk": 3, "fields": {"name": "IT Certification", "length": 12}}, {"model": "mySiteF20.topic", "pk": 4, "fields": {"name": "Sports", "length": 12}}, {"model": "mySiteF20.topic", "pk": 5, "fields": {"name": "Economics", "length": 12}}, {"model": "mySiteF20.course", "pk": 1, "fields": {"num_reviews": 3, "title": "CCNA", "description": null, "topic": 3, "price": "199.99", "for_everyone": false}}, {"model": "mySiteF20.course", "pk": 2, "fields": {"num_reviews": 4, "title": "AWS", "description": null, "topic": 3, "price": "119.99", "for_everyone": true}}, {"model": "mySiteF20.course", "pk": 3, "fields": {"num_reviews": 1, "title": "Oracle SQL", "description": null, "topic": 3, "price": "159.99", "for_everyone": true}}, {"model": "mySiteF20.course", "pk": 4, "fields": {"num_reviews": 0, "title": "Microeconomics", "description": null, "topic": 5, "price": "199.99", "for_everyone": false}}, {"model": "mySiteF20.course", "pk": 5, "fields": {"num_reviews": 4, "title": "Introduction to Economics", "description": null, "topic": 5, "price": "174.99", "for_everyone": true}}, {"model": "mySiteF20.course", "pk": 6, "fields": {"num_reviews": 0, "title": "Web Dev Bootcamp", "description": null, "topic": 1, "price": "199.99", "for_everyone": true}}, {"model": "mySiteF20.course", "pk": 7, "fields": {"num_reviews": 0, "title": "Web Development Mastercalss", "description": null, "topic": 1, "price": "124.99", "for_everyone": true}}, {"model": "mySiteF20.course", "pk": 8, "fields": {"num_reviews": 0, "title": "Build Responsive Websites", "description": null, "topic": 1, "price": "149.99", "for_everyone": false}}, {"model": "mySiteF20.course", "pk": 9, "fields": {"num_reviews": 0, "title": "Innovation for Business", "description": null, "topic": 2, "price": "174.99", "for_everyone": true}}, {"model": "mySiteF20.course", "pk": 10, "fields": {"num_reviews": 0, "title": "Sports Psychology", "description": null, "topic": 4, "price": "174.99", "for_everyone": true}}, {"model": "mySiteF20.student", "pk": 2, "fields": {"level": "HS", "address": "123 University Avenue", "province": "ON", "registered_courses": [1, 2], "interested_in": [3, 5]}}, {"model": "mySiteF20.student", "pk": 3, "fields": {"level": "UG", "address": "Sunset Avenue", "province": "BC", "registered_courses": [4, 5], "interested_in": [3, 4]}}, {"model": "mySiteF20.student", "pk": 5, "fields": {"level": "HS", "address": "Avenue", "province": "ON", "registered_courses": [], "interested_in": []}}, {"model": "mySiteF20.order", "pk": 1, "fields": {"student": 2, "order_status": "1", "order_date": "2020-10-01T10:26:31Z", "courses": [3, 6]}}, {"model": "mySiteF20.order", "pk": 2, "fields": {"student": 3, "order_status": "1", "order_date": "2020-10-01T10:26:47Z", "courses": [2]}}, {"model": "mySiteF20.order", "pk": 3, "fields": {"student": 3, "order_status": "1", "order_date": "2020-10-01T11:07:21Z", "courses": [8]}}, {"model": "mySiteF20.order", "pk": 4, "fields": {"student": 2, "order_status": "1", "order_date": "2020-10-08T14:00:52Z", "courses": [3]}}, {"model": "mySiteF20.order", "pk": 5, "fields": {"student": 2, "order_status": "1", "order_date": "2020-11-12T10:00:39.352Z", "courses": []}}, {"model": "mySiteF20.order", "pk": 6, "fields": {"student": 2, "order_status": "1", "order_date": "2020-11-12T10:00:56.429Z", "courses": []}}, {"model": "mySiteF20.order", "pk": 7, "fields": {"student": 2, "order_status": "1", "order_date": "2020-11-12T10:01:02.603Z", "courses": []}}, {"model": "mySiteF20.order", "pk": 8, "fields": {"student": 2, "order_status": "1", "order_date": "2020-11-12T10:01:36.088Z", "courses": []}}, {"model": "mySiteF20.order", "pk": 9, "fields": {"student": 3, "order_status": "1", "order_date": "2020-11-12T10:04:29.449Z", "courses": []}}, {"model": "mySiteF20.order", "pk": 10, "fields": {"student": 3, "order_status": "1", "order_date": "2020-11-12T10:05:38.245Z", "courses": []}}, {"model": "mySiteF20.order", "pk": 11, "fields": {"student": 3, "order_status": "1", "order_date": "2020-11-12T10:06:11.008Z", "courses": []}}, {"model": "mySiteF20.order", "pk": 12, "fields": {"student": 3, "order_status": "1", "order_date": "2020-11-12T10:09:37.535Z", "courses": []}}, {"model": "mySiteF20.order", "pk": 13, "fields": {"student": 3, "order_status": "1", "order_date": "2020-11-12T10:13:27.132Z", "courses": []}}, {"model": "mySiteF20.order", "pk": 14, "fields": {"student": 2, "order_status": "1", "order_date": "2020-11-12T10:15:30.095Z", "courses": []}}, {"model": "mySiteF20.order", "pk": 15, "fields": {"student": 2, "order_status": "1", "order_date": "2020-11-12T10:20:51.564Z", "courses": []}}, {"model": "mySiteF20.order", "pk": 16, "fields": {"student": 2, "order_status": "1", "order_date": "2020-11-12T10:21:07.894Z", "courses": []}}, {"model": "mySiteF20.order", "pk": 17, "fields": {"student": 2, "order_status": "1", "order_date": "2020-11-12T10:24:03.292Z", "courses": [1]}}, {"model": "mySiteF20.order", "pk": 18, "fields": {"student": 3, "order_status": "1", "order_date": "2020-11-12T10:25:41.469Z", "courses": []}}, {"model": "mySiteF20.order", "pk": 19, "fields": {"student": 3, "order_status": "1", "order_date": "2020-11-12T10:26:15.422Z", "courses": [3]}}, {"model": "mySiteF20.order", "pk": 20, "fields": {"student": 2, "order_status": "1", "order_date": "2020-11-12T10:28:17.437Z", "courses": []}}, {"model": "mySiteF20.order", "pk": 21, "fields": {"student": 3, "order_status": "1", "order_date": "2020-11-12T10:45:39.159Z", "courses": []}}, {"model": "mySiteF20.order", "pk": 22, "fields": {"student": 2, "order_status": "1", "order_date": "2020-11-19T10:45:47.448Z", "courses": [1, 2, 3]}}, {"model": "mySiteF20.order", "pk": 23, "fields": {"student": 2, "order_status": "1", "order_date": "2020-11-20T17:16:21.703Z", "courses": [1, 2]}}, {"model": "mySiteF20.review", "pk": 1, "fields": {"reviewer": "nissessk@gmail.com", "course": 5, "rating": 3, "comments": "asd", "date": "2020-11-20"}}, {"model": "mySiteF20.review", "pk": 2, "fields": {"reviewer": "nissessk@gmail.com", "course": 2, "rating": 3, "comments": "asd", "date": "2020-11-20"}}, {"model": "mySiteF20.review", "pk": 3, "fields": {"reviewer": "nissessk@gmail.com", "course": 2, "rating": 1, "comments": "asd", "date": "2020-11-20"}}, {"model": "mySiteF20.review", "pk": 4, "fields": {"reviewer": "nissessk@gmail.com", "course": 5, "rating": 8, "comments": "asdf", "date": "2020-11-20"}}, {"model": "mySiteF20.review", "pk": 5, "fields": {"reviewer": "nissessk@gmail.com", "course": 5, "rating": 8, "comments": "asdf", "date": "2020-11-20"}}, {"model": "mySiteF20.review", "pk": 6, "fields": {"reviewer": "nissessk@gmail.com", "course": 3, "rating": 9, "comments": "asdf", "date": "2020-11-20"}}, {"model": "mySiteF20.review", "pk": 7, "fields": {"reviewer": "nissessk@gmail.com", "course": 2, "rating": 8, "comments": "asdf", "date": "2020-11-20"}}, {"model": "mySiteF20.review", "pk": 8, "fields": {"reviewer": "nissessk@gmail.com", "course": 2, "rating": 8, "comments": "asdf", "date": "2020-11-20"}}, {"model": "mySiteF20.review", "pk": 9, "fields": {"reviewer": "nissessk@gmail.com", "course": 1, "rating": 90, "comments": "d", "date": "2020-11-20"}}, {"model": "mySiteF20.review", "pk": 10, "fields": {"reviewer": "nissessk@gmail.com", "course": 5, "rating": 10, "comments": "d", "date": "2020-11-20"}}, {"model": "mySiteF20.review", "pk": 11, "fields": {"reviewer": "nissessk@gmail.com", "course": 1, "rating": 10, "comments": "asd", "date": "2020-11-20"}}, {"model": "mySiteF20.review", "pk": 12, "fields": {"reviewer": "nissessk@gmail.com", "course": 1, "rating": 3, "comments": "asd", "date": "2020-11-20"}}]